ID,answer
TG_A_J_20230304,3267.4306323488863
TG_A_J_20230305,613.3998756832088
TG_A_J_20230306,3062.702166184844
TG_A_J_20230307,3457.14464654894
TG_A_J_20230308,3357.136626514516
TG_A_J_20230309,3090.4794381642882
TG_A_J_20230310,3213.490711941754
TG_A_J_20230311,3104.566866867784
TG_A_J_20230312,579.0944810302157
TG_A_J_20230313,2959.472412262091
TG_A_J_20230314,3135.1025288988985
TG_A_J_20230315,3056.3327867883722
TG_A_J_20230316,3108.0213070169143
TG_A_J_20230317,3126.3949279317053
TG_A_J_20230318,3147.5747641914204
TG_A_J_20230319,599.4597927063003
TG_A_J_20230320,2935.6753900504364
TG_A_J_20230321,3458.1807121883044
TG_A_J_20230322,3394.7792512803385
TG_A_J_20230323,3215.423704298093
TG_A_J_20230324,3116.7083285882563
TG_A_J_20230325,3124.487612698052
TG_A_J_20230326,590.5102394151335
TG_A_J_20230327,2801.1924629575597
TG_A_J_20230328,3192.0675557231616
TG_A_J_20230329,2935.711229918712
TG_A_J_20230330,3028.0453030880653
TG_A_J_20230331,3030.4985363354535
TG_A_S_20230304,4007.5745522844286
TG_A_S_20230305,645.7114825942542
TG_A_S_20230306,3821.5951126860523
TG_A_S_20230307,3915.257347190058
TG_A_S_20230308,3909.015095025318
TG_A_S_20230309,3944.7620910546143
TG_A_S_20230310,3802.924723896508
TG_A_S_20230311,3880.2162078125334
TG_A_S_20230312,610.972796648008
TG_A_S_20230313,3709.5715569036247
TG_A_S_20230314,3860.477078968073
TG_A_S_20230315,3762.5573341214995
TG_A_S_20230316,3843.686562394445
TG_A_S_20230317,3706.154122486057
TG_A_S_20230318,3752.524431065882
TG_A_S_20230319,630.560735965542
TG_A_S_20230320,3884.057070929649
TG_A_S_20230321,4091.2840699139297
TG_A_S_20230322,3957.7530924705197
TG_A_S_20230323,3960.0037304357525
TG_A_S_20230324,3857.4554688572257
TG_A_S_20230325,3873.8402509100515
TG_A_S_20230326,638.9569524378765
TG_A_S_20230327,3933.782289268339
TG_A_S_20230328,3857.7228365798683
TG_A_S_20230329,3852.2968696978505
TG_A_S_20230330,3912.31772402782
TG_A_S_20230331,3737.139895641684
TG_B_J_20230304,3195.738411144982
TG_B_J_20230305,530.745433344574
TG_B_J_20230306,3409.711569346387
TG_B_J_20230307,3252.318944493378
TG_B_J_20230308,4274.1309464174465
TG_B_J_20230309,3604.4244311263637
TG_B_J_20230310,3358.741892089415
TG_B_J_20230311,2858.5206444790197
TG_B_J_20230312,551.5835069275347
TG_B_J_20230313,3384.514075816336
TG_B_J_20230314,3040.9949884663774
TG_B_J_20230315,4103.06727138052
TG_B_J_20230316,3487.2434034488006
TG_B_J_20230317,3439.5798968836416
TG_B_J_20230318,2891.3798635185763
TG_B_J_20230319,517.7371108899225
TG_B_J_20230320,3254.0592288811567
TG_B_J_20230321,3135.1144415297576
TG_B_J_20230322,4599.685958983626
TG_B_J_20230323,3205.6209829468116
TG_B_J_20230324,3178.094946206722
TG_B_J_20230325,2731.31007676066
TG_B_J_20230326,542.6853458464557
TG_B_J_20230327,3378.1880470040624
TG_B_J_20230328,2876.919815619911
TG_B_J_20230329,3948.700534557851
TG_B_J_20230330,3295.9342661069577
TG_B_J_20230331,3237.580812316014
TG_B_S_20230304,3898.0225869120486
TG_B_S_20230305,664.6110244709523
TG_B_S_20230306,3854.075966678347
TG_B_S_20230307,3826.2222494289044
TG_B_S_20230308,3836.2579094827047
TG_B_S_20230309,3800.3126370749833
TG_B_S_20230310,3866.9141642840436
TG_B_S_20230311,3694.037237770258
TG_B_S_20230312,637.2605259519859
TG_B_S_20230313,3772.69117865467
TG_B_S_20230314,3674.4615735265065
TG_B_S_20230315,3789.544484518902
TG_B_S_20230316,3780.120594080923
TG_B_S_20230317,3818.9170862363653
TG_B_S_20230318,3712.9526700172455
TG_B_S_20230319,658.19271673456
TG_B_S_20230320,3779.2584616905415
TG_B_S_20230321,3675.29116261129
TG_B_S_20230322,3797.409965406828
TG_B_S_20230323,3765.0901665421393
TG_B_S_20230324,3837.7839120128865
TG_B_S_20230325,3669.557188603586
TG_B_S_20230326,659.9591844405445
TG_B_S_20230327,3854.5781217025547
TG_B_S_20230328,3721.477224937299
TG_B_S_20230329,3771.9142212994493
TG_B_S_20230330,3728.674160279944
TG_B_S_20230331,3816.8758786498706
TG_C_J_20230304,4685.977800492503
TG_C_J_20230305,831.6691543624328
TG_C_J_20230306,4535.655435235136
TG_C_J_20230307,4951.330226414439
TG_C_J_20230308,4093.02659368071
TG_C_J_20230309,4406.421818376165
TG_C_J_20230310,4635.341190403446
TG_C_J_20230311,4711.459027134736
TG_C_J_20230312,779.7451224289505
TG_C_J_20230313,4608.6491377602815
TG_C_J_20230314,4884.140805086921
TG_C_J_20230315,4354.172530761996
TG_C_J_20230316,4336.472773447914
TG_C_J_20230317,4423.076087325228
TG_C_J_20230318,4588.108836264765
TG_C_J_20230319,781.6173791450548
TG_C_J_20230320,4446.705706523817
TG_C_J_20230321,4835.492607729257
TG_C_J_20230322,4218.1966584057745
TG_C_J_20230323,4433.232737054723
TG_C_J_20230324,4696.608057239184
TG_C_J_20230325,4552.084020958823
TG_C_J_20230326,814.7067340206115
TG_C_J_20230327,4598.156644015143
TG_C_J_20230328,4803.384189067927
TG_C_J_20230329,4305.308828369592
TG_C_J_20230330,4512.689251896502
TG_C_J_20230331,4567.047256373455
TG_C_S_20230304,4394.124063206493
TG_C_S_20230305,773.1612407507452
TG_C_S_20230306,3882.640645520182
TG_C_S_20230307,4060.845775763514
TG_C_S_20230308,4173.078116571805
TG_C_S_20230309,4233.639102461671
TG_C_S_20230310,4240.746033073169
TG_C_S_20230311,4100.891175714228
TG_C_S_20230312,752.0969246888449
TG_C_S_20230313,3816.89175673525
TG_C_S_20230314,3977.476265475627
TG_C_S_20230315,4078.569552385655
TG_C_S_20230316,4088.699167250905
TG_C_S_20230317,4085.7593135613115
TG_C_S_20230318,4118.493152808154
TG_C_S_20230319,761.2385958730991
TG_C_S_20230320,3808.697394004544
TG_C_S_20230321,3934.690351176718
TG_C_S_20230322,3988.1865300060927
TG_C_S_20230323,4076.3853474979833
TG_C_S_20230324,4244.903572124568
TG_C_S_20230325,4090.399818160132
TG_C_S_20230326,799.6124673298128
TG_C_S_20230327,3820.9972188523166
TG_C_S_20230328,4055.7550140378835
TG_C_S_20230329,4070.0902782589224
TG_C_S_20230330,4155.408472237583
TG_C_S_20230331,4098.889611769148
TG_D_J_20230304,206.84633880697322
TG_D_J_20230305,0.0
TG_D_J_20230306,55.2673341512546
TG_D_J_20230307,200.10634550534178
TG_D_J_20230308,281.6495575233558
TG_D_J_20230309,273.52748528945915
TG_D_J_20230310,510.8595320604267
TG_D_J_20230311,381.5251764559172
TG_D_J_20230312,0.0
TG_D_J_20230313,201.05439903355406
TG_D_J_20230314,272.00322616354606
TG_D_J_20230315,304.93029078252886
TG_D_J_20230316,293.9895052463716
TG_D_J_20230317,478.66282624624864
TG_D_J_20230318,282.6938945749928
TG_D_J_20230319,0.0
TG_D_J_20230320,118.87011118447859
TG_D_J_20230321,43.16240198757602
TG_D_J_20230322,208.21408853149023
TG_D_J_20230323,274.21078149556496
TG_D_J_20230324,521.7984653914367
TG_D_J_20230325,343.68888275415844
TG_D_J_20230326,0.0
TG_D_J_20230327,246.325835198747
TG_D_J_20230328,212.2371517326314
TG_D_J_20230329,395.224415411802
TG_D_J_20230330,475.9893037721489
TG_D_J_20230331,440.48215433339317
TG_D_S_20230304,3760.910109913047
TG_D_S_20230305,639.5099841327446
TG_D_S_20230306,3585.9140178567254
TG_D_S_20230307,3675.6802446340985
TG_D_S_20230308,4045.9144131009994
TG_D_S_20230309,3870.129021280838
TG_D_S_20230310,3821.9493406441084
TG_D_S_20230311,3558.5537926414163
TG_D_S_20230312,598.4750006025896
TG_D_S_20230313,3568.933483602018
TG_D_S_20230314,3558.7009986823214
TG_D_S_20230315,4014.901293110317
TG_D_S_20230316,3782.2440943243823
TG_D_S_20230317,3799.6095899495326
TG_D_S_20230318,3724.725470709056
TG_D_S_20230319,612.7358670780574
TG_D_S_20230320,3639.7436850373565
TG_D_S_20230321,3725.987437224383
TG_D_S_20230322,4135.172969002091
TG_D_S_20230323,3870.1221689847825
TG_D_S_20230324,3785.5251367631754
TG_D_S_20230325,3660.00269606412
TG_D_S_20230326,652.5265702129251
TG_D_S_20230327,3683.297103165777
TG_D_S_20230328,3777.6747026032963
TG_D_S_20230329,4077.69558013097
TG_D_S_20230330,3725.7006645262304
TG_D_S_20230331,3560.006449530795
TG_E_J_20230304,1279.0814028323794
TG_E_J_20230305,235.38184823206888
TG_E_J_20230306,1855.6098841496726
TG_E_J_20230307,1627.204201642105
TG_E_J_20230308,1386.4421288022354
TG_E_J_20230309,1656.2126314780992
TG_E_J_20230310,1143.0759981315264
TG_E_J_20230311,940.5005194089913
TG_E_J_20230312,106.45021075211679
TG_E_J_20230313,1524.3379658606405
TG_E_J_20230314,1283.9766351236985
TG_E_J_20230315,1062.8923055447303
TG_E_J_20230316,1435.1592262063655
TG_E_J_20230317,1390.7209712397796
TG_E_J_20230318,1179.952866776159
TG_E_J_20230319,144.24571076259917
TG_E_J_20230320,1667.975446064334
TG_E_J_20230321,1260.694958141722
TG_E_J_20230322,1178.2390652559382
TG_E_J_20230323,1326.9398038808401
TG_E_J_20230324,1098.7830510881183
TG_E_J_20230325,1013.3888639913421
TG_E_J_20230326,76.4875063442943
TG_E_J_20230327,1274.1168333575902
TG_E_J_20230328,1278.826933939301
TG_E_J_20230329,854.8148127527977
TG_E_J_20230330,1492.8250062873233
TG_E_J_20230331,1325.4455980078628
TG_E_S_20230304,3542.6062877013105
TG_E_S_20230305,620.0584548265193
TG_E_S_20230306,3521.824640254542
TG_E_S_20230307,3454.9737287714916
TG_E_S_20230308,3875.149050176925
TG_E_S_20230309,3633.9278155349084
TG_E_S_20230310,3648.906851262861
TG_E_S_20230311,3348.9087251058286
TG_E_S_20230312,580.9670479190347
TG_E_S_20230313,3488.1213274930356
TG_E_S_20230314,3410.0341657144077
TG_E_S_20230315,3767.894662779111
TG_E_S_20230316,3668.8149286728335
TG_E_S_20230317,3562.8244742865627
TG_E_S_20230318,3378.7152336189224
TG_E_S_20230319,593.3279688111626
TG_E_S_20230320,3408.174569056144
TG_E_S_20230321,3295.8011024104894
TG_E_S_20230322,3775.0962394087223
TG_E_S_20230323,3754.600255930249
TG_E_S_20230324,3554.8187592402046
TG_E_S_20230325,3345.112366319222
TG_E_S_20230326,592.6072082724426
TG_E_S_20230327,3435.35874896729
TG_E_S_20230328,3435.9022943235477
TG_E_S_20230329,3850.999010417773
TG_E_S_20230330,3736.7243024030254
TG_E_S_20230331,3469.7984075380277
CR_A_J_20230304,2180.820910017479
CR_A_J_20230305,602.2400004789508
CR_A_J_20230306,2249.253444807273
CR_A_J_20230307,2384.267707231347
CR_A_J_20230308,2257.0061420123448
CR_A_J_20230309,2200.4306049955885
CR_A_J_20230310,2544.3918872283552
CR_A_J_20230311,1876.5064607963436
CR_A_J_20230312,494.5078155456165
CR_A_J_20230313,2093.8421174390687
CR_A_J_20230314,2245.85139348974
CR_A_J_20230315,2168.538694429245
CR_A_J_20230316,1974.9957176043272
CR_A_J_20230317,2338.117867247278
CR_A_J_20230318,1661.2719064470803
CR_A_J_20230319,454.2488889015583
CR_A_J_20230320,1975.3006573251414
CR_A_J_20230321,2209.71220889674
CR_A_J_20230322,2111.8617633487156
CR_A_J_20230323,1944.728598587169
CR_A_J_20230324,2277.0423692139657
CR_A_J_20230325,1734.8987279881378
CR_A_J_20230326,455.47419210953143
CR_A_J_20230327,1969.8765821953812
CR_A_J_20230328,2123.419009219585
CR_A_J_20230329,2073.7576952390236
CR_A_J_20230330,1978.0717390902762
CR_A_J_20230331,2246.389085786925
CR_B_J_20230304,3.175193392769412
CR_B_J_20230305,75.55057154047428
CR_B_J_20230306,589.2860592208373
CR_B_J_20230307,587.5874179445352
CR_B_J_20230308,112.09415504629257
CR_B_J_20230309,73.00468283058593
CR_B_J_20230310,536.4044098496979
CR_B_J_20230311,135.74298970045075
CR_B_J_20230312,44.84454865936702
CR_B_J_20230313,735.2069662509942
CR_B_J_20230314,627.5028120865854
CR_B_J_20230315,122.47613960806103
CR_B_J_20230316,60.981676100562815
CR_B_J_20230317,544.9012879260194
CR_B_J_20230318,83.8274041266722
CR_B_J_20230319,10.00522923627693
CR_B_J_20230320,669.7731104657
CR_B_J_20230321,583.2777631611709
CR_B_J_20230322,193.41756559093596
CR_B_J_20230323,81.32631027789682
CR_B_J_20230324,596.0711445391591
CR_B_J_20230325,55.910441722684
CR_B_J_20230326,0.0
CR_B_J_20230327,706.9649812968103
CR_B_J_20230328,521.4614591257225
CR_B_J_20230329,109.36250316113289
CR_B_J_20230330,105.30292726436303
CR_B_J_20230331,473.6464828383388
CR_C_J_20230304,1578.006481515578
CR_C_J_20230305,350.97691626164
CR_C_J_20230306,1753.1281951892056
CR_C_J_20230307,1649.0227265381136
CR_C_J_20230308,1521.3293357637172
CR_C_J_20230309,1649.062217799
CR_C_J_20230310,1455.1703047979815
CR_C_J_20230311,1425.5501461887748
CR_C_J_20230312,288.2502432670832
CR_C_J_20230313,1614.7027654892208
CR_C_J_20230314,1572.9069868683987
CR_C_J_20230315,1439.4337492427112
CR_C_J_20230316,1380.6778019235812
CR_C_J_20230317,1320.625580256111
CR_C_J_20230318,1199.4931311332239
CR_C_J_20230319,243.49528829749624
CR_C_J_20230320,1532.4118846289257
CR_C_J_20230321,1317.2167224843233
CR_C_J_20230322,1133.5147977762233
CR_C_J_20230323,1223.4573869967708
CR_C_J_20230324,1100.2958455515277
CR_C_J_20230325,1073.3119196867394
CR_C_J_20230326,211.06127144836228
CR_C_J_20230327,1420.5972799526494
CR_C_J_20230328,1192.1039598696593
CR_C_J_20230329,1182.8462565313355
CR_C_J_20230330,1003.0930267944428
CR_C_J_20230331,1031.2455646899487
CR_D_J_20230304,822.0848623382842
CR_D_J_20230305,305.49607300159926
CR_D_J_20230306,1981.1012735215234
CR_D_J_20230307,1909.0024815629345
CR_D_J_20230308,1926.864153122499
CR_D_J_20230309,1881.4654771469914
CR_D_J_20230310,1885.914364689243
CR_D_J_20230311,713.7355683698111
CR_D_J_20230312,312.68842811577895
CR_D_J_20230313,1949.0242489364884
CR_D_J_20230314,1896.6679385472553
CR_D_J_20230315,1865.0397285910942
CR_D_J_20230316,1852.542782593523
CR_D_J_20230317,1809.2290998831336
CR_D_J_20230318,901.174228030922
CR_D_J_20230319,308.5592603884684
CR_D_J_20230320,1929.794248475427
CR_D_J_20230321,1896.180761387669
CR_D_J_20230322,1880.5879410652435
CR_D_J_20230323,1887.300629018297
CR_D_J_20230324,1840.798264776212
CR_D_J_20230325,1048.9746493297814
CR_D_J_20230326,317.94448429972914
CR_D_J_20230327,1973.9380039587622
CR_D_J_20230328,1958.0376686508707
CR_D_J_20230329,1883.828147864351
CR_D_J_20230330,1872.465792347953
CR_D_J_20230331,1743.2075568260245
CR_D_S_20230304,2.362690604371004
CR_D_S_20230305,1.716910461932421
CR_D_S_20230306,3.9458550214363104
CR_D_S_20230307,3.610987367022279
CR_D_S_20230308,3.2779508949648717
CR_D_S_20230309,3.750378008955091
CR_D_S_20230310,3.038044923564307
CR_D_S_20230311,1.3186711471700112
CR_D_S_20230312,0.0
CR_D_S_20230313,3.880434345220413
CR_D_S_20230314,2.6288257756819053
CR_D_S_20230315,2.1343970706270032
CR_D_S_20230316,2.0453872194218907
CR_D_S_20230317,1.0418677985993694
CR_D_S_20230318,2.3191127957745925
CR_D_S_20230319,0.15038468282168277
CR_D_S_20230320,6.866538035277741
CR_D_S_20230321,4.94705859803998
CR_D_S_20230322,4.100652252072422
CR_D_S_20230323,3.6874480530793927
CR_D_S_20230324,2.4914298354895164
CR_D_S_20230325,0.0
CR_D_S_20230326,0.0
CR_D_S_20230327,5.87396243860143
CR_D_S_20230328,3.653167288624085
CR_D_S_20230329,2.6608254614719016
CR_D_S_20230330,1.5933281829225923
CR_D_S_20230331,0.18471818205746526
CR_E_J_20230304,377.7576177002604
CR_E_J_20230305,325.35503931888485
CR_E_J_20230306,1881.418719205309
CR_E_J_20230307,1911.1305774357666
CR_E_J_20230308,1907.5848948554017
CR_E_J_20230309,1854.4070555921317
CR_E_J_20230310,1896.9965058761036
CR_E_J_20230311,446.0944074293086
CR_E_J_20230312,335.10078077115077
CR_E_J_20230313,1896.6288288086994
CR_E_J_20230314,1911.0237239064859
CR_E_J_20230315,1921.5910089008812
CR_E_J_20230316,2034.6432813635292
CR_E_J_20230317,1861.3704860126377
CR_E_J_20230318,469.44194847137476
CR_E_J_20230319,333.9629758817474
CR_E_J_20230320,1879.5785361661167
CR_E_J_20230321,1894.5872945264
CR_E_J_20230322,1869.6563144866655
CR_E_J_20230323,1856.383594092746
CR_E_J_20230324,1843.7270619628855
CR_E_J_20230325,384.47630898546294
CR_E_J_20230326,338.2913363750317
CR_E_J_20230327,1839.7562082097904
CR_E_J_20230328,1924.7106144139973
CR_E_J_20230329,1901.9151113670987
CR_E_J_20230330,1855.1842720069264
CR_E_J_20230331,1838.4749740717625
CR_E_S_20230304,4.139896847198266
CR_E_S_20230305,2.175608456325159
CR_E_S_20230306,6.086871837150768
CR_E_S_20230307,5.0338363890834
CR_E_S_20230308,12.07430806687542
CR_E_S_20230309,16.2599715796495
CR_E_S_20230310,17.86288088291953
CR_E_S_20230311,9.258985106218361
CR_E_S_20230312,1.8069073269254743
CR_E_S_20230313,10.141878476357254
CR_E_S_20230314,7.189521186119962
CR_E_S_20230315,11.49370978468681
CR_E_S_20230316,8.363962769774734
CR_E_S_20230317,10.542928528037566
CR_E_S_20230318,5.635486901194368
CR_E_S_20230319,4.50995773243068
CR_E_S_20230320,7.32366595016
CR_E_S_20230321,4.423264993919267
CR_E_S_20230322,15.982073976771352
CR_E_S_20230323,9.844586777190335
CR_E_S_20230324,11.262759193564289
CR_E_S_20230325,6.889812022513749
CR_E_S_20230326,0.0
CR_E_S_20230327,9.857023493421607
CR_E_S_20230328,7.291834988960598
CR_E_S_20230329,12.0519882065283
CR_E_S_20230330,7.184705176146572
CR_E_S_20230331,15.476143786258975
CB_A_J_20230304,78.97933304778687
CB_A_J_20230305,14.886090376496524
CB_A_J_20230306,971.8080532447875
CB_A_J_20230307,689.2446884315009
CB_A_J_20230308,784.816674449434
CB_A_J_20230309,907.3022826388525
CB_A_J_20230310,795.2965286399719
CB_A_J_20230311,268.22882568928765
CB_A_J_20230312,27.730876555820263
CB_A_J_20230313,1017.8055848328906
CB_A_J_20230314,754.5341385094355
CB_A_J_20230315,842.0290869127061
CB_A_J_20230316,882.1567898548111
CB_A_J_20230317,739.6575862715595
CB_A_J_20230318,76.15002643386305
CB_A_J_20230319,0.0
CB_A_J_20230320,846.5794299313461
CB_A_J_20230321,587.7716427919642
CB_A_J_20230322,655.6454297092187
CB_A_J_20230323,753.5665549758642
CB_A_J_20230324,641.5901586972549
CB_A_J_20230325,145.20418904368893
CB_A_J_20230326,0.0
CB_A_J_20230327,865.98554197905
CB_A_J_20230328,625.1291478047667
CB_A_J_20230329,626.1233404459163
CB_A_J_20230330,738.0458732017257
CB_A_J_20230331,591.199247688922
CB_A_S_20230304,258.7507020212879
CB_A_S_20230305,165.81143217078971
CB_A_S_20230306,189.6350479331344
CB_A_S_20230307,201.76482923165244
CB_A_S_20230308,338.1546081715827
CB_A_S_20230309,396.4864572948526
CB_A_S_20230310,391.9380110683378
CB_A_S_20230311,206.02239003692185
CB_A_S_20230312,138.5734211482129
CB_A_S_20230313,163.86118294350592
CB_A_S_20230314,183.98198473558347
CB_A_S_20230315,338.731697046908
CB_A_S_20230316,380.6867655854031
CB_A_S_20230317,385.83571459111226
CB_A_S_20230318,199.57217391158727
CB_A_S_20230319,138.93495998842533
CB_A_S_20230320,163.8549760395752
CB_A_S_20230321,179.7695585721832
CB_A_S_20230322,332.30691773844285
CB_A_S_20230323,372.47301503063125
CB_A_S_20230324,375.3242955233914
CB_A_S_20230325,192.61296551092192
CB_A_S_20230326,138.0794279603142
CB_A_S_20230327,163.9286958777829
CB_A_S_20230328,177.6130299027689
CB_A_S_20230329,329.5328109223842
CB_A_S_20230330,371.024173860017
CB_A_S_20230331,379.52306965807657
CB_D_J_20230304,824.7971658530889
CB_D_J_20230305,144.3561974119963
CB_D_J_20230306,742.3679598624788
CB_D_J_20230307,702.4146339761926
CB_D_J_20230308,641.6232959224144
CB_D_J_20230309,635.2245157861527
CB_D_J_20230310,642.3117138291095
CB_D_J_20230311,734.7971215842699
CB_D_J_20230312,147.1946924302155
CB_D_J_20230313,647.6036606618381
CB_D_J_20230314,706.3875660205463
CB_D_J_20230315,577.7990042173824
CB_D_J_20230316,583.0452695441679
CB_D_J_20230317,496.18140894982855
CB_D_J_20230318,534.3594509332668
CB_D_J_20230319,114.30500079393607
CB_D_J_20230320,563.825274727825
CB_D_J_20230321,529.4416797767572
CB_D_J_20230322,500.3680547008313
CB_D_J_20230323,500.6887043661117
CB_D_J_20230324,456.6547981535628
CB_D_J_20230325,542.5189434366399
CB_D_J_20230326,114.60303812289197
CB_D_J_20230327,558.8594066784054
CB_D_J_20230328,524.2944888704767
CB_D_J_20230329,511.3401054667684
CB_D_J_20230330,505.97696481607227
CB_D_J_20230331,427.61736743653216
CB_E_J_20230304,0.6502135344980933
CB_E_J_20230305,0.0
CB_E_J_20230306,41.79663212823047
CB_E_J_20230307,33.96261071303205
CB_E_J_20230308,68.9012998686685
CB_E_J_20230309,99.50034579493816
CB_E_J_20230310,112.51244849099865
CB_E_J_20230311,102.19338776257113
CB_E_J_20230312,0.042170963504919
CB_E_J_20230313,69.6138205083857
CB_E_J_20230314,53.21152217589778
CB_E_J_20230315,77.29241295145503
CB_E_J_20230316,115.13308966664472
CB_E_J_20230317,116.98420769889937
CB_E_J_20230318,106.30030524067953
CB_E_J_20230319,0.0
CB_E_J_20230320,61.765204251100634
CB_E_J_20230321,42.859037916477284
CB_E_J_20230322,64.12277513328743
CB_E_J_20230323,100.87587460751998
CB_E_J_20230324,100.95518279873846
CB_E_J_20230325,91.37137474594113
CB_E_J_20230326,3.390035782089095
CB_E_J_20230327,76.01338880394985
CB_E_J_20230328,66.44770225428715
CB_E_J_20230329,100.1924630059505
CB_E_J_20230330,125.54893685367368
CB_E_J_20230331,97.61607530947687
RD_A_J_20230304,173.61104230193183
RD_A_J_20230305,105.58082641696586
RD_A_J_20230306,942.3709343262394
RD_A_J_20230307,589.9013224419995
RD_A_J_20230308,568.658612195756
RD_A_J_20230309,561.7230963061527
RD_A_J_20230310,646.3643804760234
RD_A_J_20230311,162.78738112041285
RD_A_J_20230312,81.84034098507996
RD_A_J_20230313,866.4560940993381
RD_A_J_20230314,512.8903299798249
RD_A_J_20230315,531.1577981119113
RD_A_J_20230316,543.0559790335358
RD_A_J_20230317,635.074538866174
RD_A_J_20230318,238.54927698517935
RD_A_J_20230319,80.17332931878454
RD_A_J_20230320,884.8696686968187
RD_A_J_20230321,547.2233905145029
RD_A_J_20230322,574.7518747820958
RD_A_J_20230323,579.4084788995857
RD_A_J_20230324,627.6282493446809
RD_A_J_20230325,205.28814151090523
RD_A_J_20230326,88.58124739595762
RD_A_J_20230327,819.2957209429366
RD_A_J_20230328,484.4553588527459
RD_A_J_20230329,522.9488256639098
RD_A_J_20230330,522.2376414660783
RD_A_J_20230331,595.0013790744409
RD_A_S_20230304,574.2637008197233
RD_A_S_20230305,112.78966142409544
RD_A_S_20230306,545.1629503355414
RD_A_S_20230307,528.7266465218697
RD_A_S_20230308,517.9046010238278
RD_A_S_20230309,538.0123416556088
RD_A_S_20230310,518.0652857906574
RD_A_S_20230311,492.3630812326272
RD_A_S_20230312,101.80613832329972
RD_A_S_20230313,527.1091729901545
RD_A_S_20230314,508.5308308060122
RD_A_S_20230315,522.1847888762559
RD_A_S_20230316,541.5194715984484
RD_A_S_20230317,520.6992393428006
RD_A_S_20230318,509.2773293335281
RD_A_S_20230319,98.3992274403991
RD_A_S_20230320,497.79004000956184
RD_A_S_20230321,506.8970212016224
RD_A_S_20230322,497.9921149738944
RD_A_S_20230323,525.5281160311068
RD_A_S_20230324,497.0182083527949
RD_A_S_20230325,453.67882447142466
RD_A_S_20230326,88.88309072694483
RD_A_S_20230327,494.8113434342783
RD_A_S_20230328,505.9866520113068
RD_A_S_20230329,481.89501188761466
RD_A_S_20230330,525.7780325536194
RD_A_S_20230331,517.6907707795301
RD_C_S_20230304,3.163315136127297
RD_C_S_20230305,1.2186361560298138
RD_C_S_20230306,2.42523105889395
RD_C_S_20230307,6.200921388201763
RD_C_S_20230308,4.753124188633007
RD_C_S_20230309,7.205456748023101
RD_C_S_20230310,5.380259266877344
RD_C_S_20230311,4.203022805690165
RD_C_S_20230312,1.0622784597963795
RD_C_S_20230313,3.7637132591240396
RD_C_S_20230314,6.36088615022253
RD_C_S_20230315,4.796679594207401
RD_C_S_20230316,4.7304766767469255
RD_C_S_20230317,3.661008645685949
RD_C_S_20230318,0.16033309201204365
RD_C_S_20230319,1.2394686552824572
RD_C_S_20230320,0.0
RD_C_S_20230321,5.68018858213121
RD_C_S_20230322,0.6960831765846278
RD_C_S_20230323,0.0
RD_C_S_20230324,2.5102195463146737
RD_C_S_20230325,0.6564393580283744
RD_C_S_20230326,1.8124774535055759
RD_C_S_20230327,0.0
RD_C_S_20230328,6.769916193527021
RD_C_S_20230329,2.029979649642421
RD_C_S_20230330,0.36262578177781984
RD_C_S_20230331,3.182446718423825
RD_D_J_20230304,180.76316308537287
RD_D_J_20230305,97.66207431205045
RD_D_J_20230306,202.3174986256003
RD_D_J_20230307,219.53992385129834
RD_D_J_20230308,230.76252221841082
RD_D_J_20230309,303.4844587288003
RD_D_J_20230310,316.81868156118736
RD_D_J_20230311,174.20775292275954
RD_D_J_20230312,102.1216470072528
RD_D_J_20230313,190.68998839337917
RD_D_J_20230314,185.29709695284208
RD_D_J_20230315,185.47558110019162
RD_D_J_20230316,243.06869712121642
RD_D_J_20230317,225.34168440694145
RD_D_J_20230318,120.60515347285622
RD_D_J_20230319,87.32932835346429
RD_D_J_20230320,177.8064976829072
RD_D_J_20230321,182.93975218639184
RD_D_J_20230322,184.91698910953852
RD_D_J_20230323,238.74796307736003
RD_D_J_20230324,217.4395686760828
RD_D_J_20230325,124.62824276865085
RD_D_J_20230326,83.33850620063669
RD_D_J_20230327,177.61274832264132
RD_D_J_20230328,179.67642605789393
RD_D_J_20230329,171.89277840463228
RD_D_J_20230330,215.71614283698193
RD_D_J_20230331,200.96434774485078
RD_D_S_20230304,569.9655650319904
RD_D_S_20230305,112.40786427925184
RD_D_S_20230306,606.1412276501541
RD_D_S_20230307,593.749572675824
RD_D_S_20230308,581.7516967213004
RD_D_S_20230309,578.9514027682055
RD_D_S_20230310,562.042267620276
RD_D_S_20230311,555.2591046105307
RD_D_S_20230312,105.02067425065196
RD_D_S_20230313,574.084911505861
RD_D_S_20230314,559.9996586292449
RD_D_S_20230315,555.2869129114816
RD_D_S_20230316,568.8764847918026
RD_D_S_20230317,560.9574811364611
RD_D_S_20230318,567.387869084161
RD_D_S_20230319,105.43578078783493
RD_D_S_20230320,590.0647086902312
RD_D_S_20230321,581.8010948146515
RD_D_S_20230322,592.1210356755442
RD_D_S_20230323,601.815019355689
RD_D_S_20230324,574.6446596748563
RD_D_S_20230325,562.4948215006157
RD_D_S_20230326,109.59789069720775
RD_D_S_20230327,588.2407751010686
RD_D_S_20230328,566.4804714352132
RD_D_S_20230329,568.3854216921847
RD_D_S_20230330,572.8362880062002
RD_D_S_20230331,552.9747732629297
RD_E_J_20230304,506.9869156690089
RD_E_J_20230305,114.98599138970403
RD_E_J_20230306,502.87032759958174
RD_E_J_20230307,572.4298258134527
RD_E_J_20230308,475.5541346331878
RD_E_J_20230309,436.08130091628846
RD_E_J_20230310,471.99466769530534
RD_E_J_20230311,422.4829246501761
RD_E_J_20230312,98.90819455710374
RD_E_J_20230313,490.4173218710464
RD_E_J_20230314,502.8008347785104
RD_E_J_20230315,394.4823033747315
RD_E_J_20230316,384.1317336731234
RD_E_J_20230317,433.4070967047463
RD_E_J_20230318,387.96979626210384
RD_E_J_20230319,97.37448004875287
RD_E_J_20230320,439.39289946399936
RD_E_J_20230321,498.7394470375781
RD_E_J_20230322,360.13535016671165
RD_E_J_20230323,380.3698978971828
RD_E_J_20230324,431.9352247779491
RD_E_J_20230325,352.26632712031915
RD_E_J_20230326,98.59504664407464
RD_E_J_20230327,424.8125725794756
RD_E_J_20230328,454.51759171837534
RD_E_J_20230329,342.8988377398906
RD_E_J_20230330,325.3383192332324
RD_E_J_20230331,381.6296221721983
RD_E_S_20230304,69.80528566469361
RD_E_S_20230305,8.919853697008492
RD_E_S_20230306,234.04888092186889
RD_E_S_20230307,269.3095550797616
RD_E_S_20230308,223.51410762058356
RD_E_S_20230309,189.94366323038793
RD_E_S_20230310,27.957361886122243
RD_E_S_20230311,22.222297908879288
RD_E_S_20230312,6.728773431438985
RD_E_S_20230313,163.9112590054847
RD_E_S_20230314,182.55217574359568
RD_E_S_20230315,145.4606587936011
RD_E_S_20230316,129.42609795443127
RD_E_S_20230317,0.0
RD_E_S_20230318,2.262975335926585
RD_E_S_20230319,0.0
RD_E_S_20230320,159.73997835441665
RD_E_S_20230321,178.9687822756375
RD_E_S_20230322,141.4654453180828
RD_E_S_20230323,118.1511964506867
RD_E_S_20230324,0.0
RD_E_S_20230325,0.0
RD_E_S_20230326,0.0
RD_E_S_20230327,162.04684368512434
RD_E_S_20230328,179.59227026591992
RD_E_S_20230329,112.92036500448316
RD_E_S_20230330,79.34006625418084
RD_E_S_20230331,0.0
BC_A_J_20230304,2717.221902806472
BC_A_J_20230305,526.3977239722223
BC_A_J_20230306,2559.4297738174746
BC_A_J_20230307,2898.6762825830147
BC_A_J_20230308,2937.2930381231968
BC_A_J_20230309,2733.3847842348523
BC_A_J_20230310,2692.009829842328
BC_A_J_20230311,2644.3849022532713
BC_A_J_20230312,494.3654853288717
BC_A_J_20230313,3040.955401190432
BC_A_J_20230314,2877.585591664695
BC_A_J_20230315,2893.518367137871
BC_A_J_20230316,2740.0070234739846
BC_A_J_20230317,2624.705457227327
BC_A_J_20230318,2613.9448780808466
BC_A_J_20230319,500.45446333283996
BC_A_J_20230320,2568.230874608192
BC_A_J_20230321,2861.4527676065763
BC_A_J_20230322,2831.5405507326336
BC_A_J_20230323,2679.367410400769
BC_A_J_20230324,2640.4498742952314
BC_A_J_20230325,2582.869808885824
BC_A_J_20230326,487.10531533186514
BC_A_J_20230327,2571.425981366947
BC_A_J_20230328,2821.6293841125607
BC_A_J_20230329,2818.140605535777
BC_A_J_20230330,2651.9385691348175
BC_A_J_20230331,2574.081285652082
BC_A_S_20230304,2733.6925022897653
BC_A_S_20230305,537.0137850894102
BC_A_S_20230306,2786.971228309547
BC_A_S_20230307,2990.637885061734
BC_A_S_20230308,3109.4917359510314
BC_A_S_20230309,2838.5240637799125
BC_A_S_20230310,2688.556471301314
BC_A_S_20230311,2601.4465526414074
BC_A_S_20230312,505.9091025676033
BC_A_S_20230313,2633.9200239630995
BC_A_S_20230314,2953.5012783034986
BC_A_S_20230315,2983.7384909379994
BC_A_S_20230316,2775.3636359325083
BC_A_S_20230317,2629.8977133251124
BC_A_S_20230318,2559.1217641731578
BC_A_S_20230319,511.08508466427753
BC_A_S_20230320,2628.7940919465377
BC_A_S_20230321,2852.6689222784653
BC_A_S_20230322,2981.522281151484
BC_A_S_20230323,2576.3840403183904
BC_A_S_20230324,2400.1554470616757
BC_A_S_20230325,2485.846551591705
BC_A_S_20230326,475.28563264367966
BC_A_S_20230327,2656.431033619953
BC_A_S_20230328,2939.6045695685325
BC_A_S_20230329,2955.132747943997
BC_A_S_20230330,2707.6348622429387
BC_A_S_20230331,2438.19097316055
BC_B_J_20230304,2487.045515489186
BC_B_J_20230305,481.40725856472096
BC_B_J_20230306,2608.615809019106
BC_B_J_20230307,2620.1764393426693
BC_B_J_20230308,2767.986592889346
BC_B_J_20230309,2519.2473698458352
BC_B_J_20230310,2452.5660574313024
BC_B_J_20230311,2427.514987983997
BC_B_J_20230312,460.53399386368386
BC_B_J_20230313,2557.910366160472
BC_B_J_20230314,2704.0888300296565
BC_B_J_20230315,2726.6198995205045
BC_B_J_20230316,2433.45261521171
BC_B_J_20230317,2392.7651242824454
BC_B_J_20230318,2404.3617430025765
BC_B_J_20230319,466.446726480831
BC_B_J_20230320,2540.4534394078582
BC_B_J_20230321,2672.6810740664446
BC_B_J_20230322,2659.368122118073
BC_B_J_20230323,2406.079289053512
BC_B_J_20230324,2229.237487090359
BC_B_J_20230325,2328.7389191529783
BC_B_J_20230326,444.1004899727322
BC_B_J_20230327,2420.597818440475
BC_B_J_20230328,2506.5906306510688
BC_B_J_20230329,2587.3219663704226
BC_B_J_20230330,2380.8004051396247
BC_B_J_20230331,2180.765936322304
BC_B_S_20230304,12.106788564990524
BC_B_S_20230305,13.530592434570844
BC_B_S_20230306,198.52041620151985
BC_B_S_20230307,193.42809920249982
BC_B_S_20230308,200.249442383968
BC_B_S_20230309,176.7696275030536
BC_B_S_20230310,174.68441771615676
BC_B_S_20230311,45.15782543846998
BC_B_S_20230312,20.98446887157858
BC_B_S_20230313,172.50310227747482
BC_B_S_20230314,73.35643349786318
BC_B_S_20230315,77.04904532522413
BC_B_S_20230316,62.89928482432643
BC_B_S_20230317,104.53983969403446
BC_B_S_20230318,0.4263924439927913
BC_B_S_20230319,0.0
BC_B_S_20230320,180.69772064899377
BC_B_S_20230321,70.01313721641357
BC_B_S_20230322,70.90521371934524
BC_B_S_20230323,61.590448928636114
BC_B_S_20230324,57.47389004125683
BC_B_S_20230325,0.0
BC_B_S_20230326,0.0
BC_B_S_20230327,166.2177991848836
BC_B_S_20230328,92.22814637225562
BC_B_S_20230329,86.25267589549271
BC_B_S_20230330,65.48123651069417
BC_B_S_20230331,72.05492541440988
BC_C_J_20230304,2497.601842070771
BC_C_J_20230305,534.0713051881991
BC_C_J_20230306,2382.964251342739
BC_C_J_20230307,2638.6978896305945
BC_C_J_20230308,2675.8284999043303
BC_C_J_20230309,2413.469717628861
BC_C_J_20230310,2558.3507492128892
BC_C_J_20230311,2558.035354433887
BC_C_J_20230312,521.5216636761872
BC_C_J_20230313,2294.994981896886
BC_C_J_20230314,2609.623238020051
BC_C_J_20230315,2581.220048677298
BC_C_J_20230316,2360.808118185224
BC_C_J_20230317,2533.4688693420453
BC_C_J_20230318,2297.2841580323798
BC_C_J_20230319,513.3934528478331
BC_C_J_20230320,2269.9053457164064
BC_C_J_20230321,2496.2226953256495
BC_C_J_20230322,2426.3540935554447
BC_C_J_20230323,2244.2732547105597
BC_C_J_20230324,2385.4391596492565
BC_C_J_20230325,2219.5425417328443
BC_C_J_20230326,529.2000217309389
BC_C_J_20230327,2159.745584792465
BC_C_J_20230328,2369.1167555025304
BC_C_J_20230329,2327.429530546931
BC_C_J_20230330,2085.7018783364597
BC_C_J_20230331,2087.3937244590525
BC_C_S_20230304,22.643847313704626
BC_C_S_20230305,0.0
BC_C_S_20230306,42.31989648062767
BC_C_S_20230307,31.544501961023617
BC_C_S_20230308,26.45206785758946
BC_C_S_20230309,39.50220601076685
BC_C_S_20230310,35.55680312040145
BC_C_S_20230311,55.00035618933366
BC_C_S_20230312,0.07207735332032561
BC_C_S_20230313,46.29740240828486
BC_C_S_20230314,33.9955712992498
BC_C_S_20230315,23.557913708234363
BC_C_S_20230316,23.008440823665914
BC_C_S_20230317,23.09074481751778
BC_C_S_20230318,41.54102786603327
BC_C_S_20230319,0.0
BC_C_S_20230320,32.00114759959313
BC_C_S_20230321,24.334166526932094
BC_C_S_20230322,32.32913282843667
BC_C_S_20230323,25.93062176996369
BC_C_S_20230324,24.33388548245669
BC_C_S_20230325,42.735029622145
BC_C_S_20230326,0.0
BC_C_S_20230327,37.96679930803754
BC_C_S_20230328,29.876753563630388
BC_C_S_20230329,24.829696825792073
BC_C_S_20230330,19.71820001362543
BC_C_S_20230331,33.289704075787085
BC_D_J_20230304,2698.092980098327
BC_D_J_20230305,569.1118287469009
BC_D_J_20230306,2628.217767004631
BC_D_J_20230307,2780.1901341779103
BC_D_J_20230308,2897.1683037242688
BC_D_J_20230309,2779.7365339195044
BC_D_J_20230310,2729.6031176302554
BC_D_J_20230311,2516.6538470404384
BC_D_J_20230312,518.4232399399942
BC_D_J_20230313,2502.279664000572
BC_D_J_20230314,2727.6999296867666
BC_D_J_20230315,2828.64432348592
BC_D_J_20230316,2749.9313054822605
BC_D_J_20230317,2704.0322880310514
BC_D_J_20230318,2467.641124209217
BC_D_J_20230319,516.5849786265084
BC_D_J_20230320,2576.270305139936
BC_D_J_20230321,2720.61128826101
BC_D_J_20230322,2845.3775205857237
BC_D_J_20230323,2662.264795056799
BC_D_J_20230324,2643.7041247579414
BC_D_J_20230325,2475.062065131975
BC_D_J_20230326,535.8995650782093
BC_D_J_20230327,2554.5047504899253
BC_D_J_20230328,2707.56433750666
BC_D_J_20230329,2784.0820089662793
BC_D_J_20230330,2664.1960087851567
BC_D_J_20230331,2596.306899309624
BC_E_J_20230304,2888.7748416820814
BC_E_J_20230305,567.4876365402416
BC_E_J_20230306,2687.2064907537697
BC_E_J_20230307,3064.217928278018
BC_E_J_20230308,2974.081749602078
BC_E_J_20230309,2821.254521492969
BC_E_J_20230310,2777.05925559996
BC_E_J_20230311,2749.229288556463
BC_E_J_20230312,538.1270464985636
BC_E_J_20230313,2577.8626113702735
BC_E_J_20230314,2964.4305391405323
BC_E_J_20230315,2870.900174831774
BC_E_J_20230316,2738.2074929013097
BC_E_J_20230317,2664.025508825121
BC_E_J_20230318,2699.061865128777
BC_E_J_20230319,545.9279273362777
BC_E_J_20230320,2663.2076289929246
BC_E_J_20230321,2985.296027390791
BC_E_J_20230322,2891.9923073900304
BC_E_J_20230323,2791.987985062723
BC_E_J_20230324,2746.5568004774277
BC_E_J_20230325,2683.5886395968355
BC_E_J_20230326,541.0693806909
BC_E_J_20230327,2559.811191539863
BC_E_J_20230328,2934.9884583774406
BC_E_J_20230329,2808.0814477239464
BC_E_J_20230330,2674.9356020964856
BC_E_J_20230331,2658.468720620763
BC_E_S_20230304,2812.4435313767053
BC_E_S_20230305,559.627445894914
BC_E_S_20230306,2654.3563158245133
BC_E_S_20230307,2906.61760501374
BC_E_S_20230308,2990.313760607067
BC_E_S_20230309,2810.787942375541
BC_E_S_20230310,2710.98869099926
BC_E_S_20230311,2648.1324200156378
BC_E_S_20230312,511.78569155000133
BC_E_S_20230313,2609.5673343264625
BC_E_S_20230314,2743.174852884663
BC_E_S_20230315,2905.1458413009004
BC_E_S_20230316,2773.7155163358057
BC_E_S_20230317,2664.007719631165
BC_E_S_20230318,2542.28122174518
BC_E_S_20230319,516.5738138559423
BC_E_S_20230320,2605.6664449685936
BC_E_S_20230321,2725.434469387219
BC_E_S_20230322,3019.041146541126
BC_E_S_20230323,2904.0365856566104
BC_E_S_20230324,2659.476004844271
BC_E_S_20230325,2626.006066571241
BC_E_S_20230326,541.0147432293421
BC_E_S_20230327,2628.812714778258
BC_E_S_20230328,2665.596321877506
BC_E_S_20230329,2962.6412785936845
BC_E_S_20230330,2845.188608682954
BC_E_S_20230331,2596.994362303858
CB_F_J_20230304,618.3287608455323
CB_F_J_20230305,116.18875590944437
CB_F_J_20230306,640.97333254844
CB_F_J_20230307,666.5782486474228
CB_F_J_20230308,663.3978279760499
CB_F_J_20230309,660.427122688973
CB_F_J_20230310,650.286889835308
CB_F_J_20230311,608.1241355403171
CB_F_J_20230312,110.5454106363724
CB_F_J_20230313,664.2505370865659
CB_F_J_20230314,664.3175397078111
CB_F_J_20230315,667.7182464167383
CB_F_J_20230316,662.1152570098326
CB_F_J_20230317,643.6211775737557
CB_F_J_20230318,613.5905643279275
CB_F_J_20230319,110.96926736684293
CB_F_J_20230320,655.3252508962157
CB_F_J_20230321,695.3140471537203
CB_F_J_20230322,677.3655742955432
CB_F_J_20230323,683.9869801375468
CB_F_J_20230324,677.3092975566409
CB_F_J_20230325,624.6446384617159
CB_F_J_20230326,115.48960904713172
CB_F_J_20230327,680.1765373993692
CB_F_J_20230328,695.7287185716187
CB_F_J_20230329,678.9559958988145
CB_F_J_20230330,693.527700224952
CB_F_J_20230331,673.5003842278902
RD_F_J_20230304,501.5326256326493
RD_F_J_20230305,95.12211513539474
RD_F_J_20230306,539.1428226604809
RD_F_J_20230307,534.5238558841934
RD_F_J_20230308,541.8803971572509
RD_F_J_20230309,512.7426892573822
RD_F_J_20230310,499.3114565299933
RD_F_J_20230311,485.372398553829
RD_F_J_20230312,92.92520247236817
RD_F_J_20230313,509.6539910270893
RD_F_J_20230314,526.0314222269794
RD_F_J_20230315,524.3504949036288
RD_F_J_20230316,498.5196965583456
RD_F_J_20230317,487.94241100806903
RD_F_J_20230318,476.2116027440645
RD_F_J_20230319,93.9897347909177
RD_F_J_20230320,511.96899381864125
RD_F_J_20230321,520.7199010384068
RD_F_J_20230322,531.1176465396205
RD_F_J_20230323,514.2638286672752
RD_F_J_20230324,507.45904249703983
RD_F_J_20230325,507.11200322144316
RD_F_J_20230326,98.68793098851494
RD_F_J_20230327,492.9978411905189
RD_F_J_20230328,516.4887046016728
RD_F_J_20230329,514.4446527226123
RD_F_J_20230330,491.9553139580838
RD_F_J_20230331,477.6558167332842
